{
  "params": {
    "dataset": "dbpedia-openai-1M-1536-angular",
    "experiment": "milvus-cloud-sleep-60",
    "engine": "milvus",
    "parallel": 140,
    "config": {
      "level": 1
    }
  },
  "results": {
    "total_time": 5.509700715992949,
    "mean_time": 0.003326211543052341,
    "mean_precisions": 0.94278,
    "std_time": 0.0008673383733501763,
    "min_time": 0.0021812960039824247,
    "max_time": 0.04450808299588971,
    "rps": 907.490308046416,
    "p95_time": 0.004155434959102422,
    "p99_time": 0.004712927880027567
  }
}