{
  "params": {
    "dataset": "dbpedia-openai-1M-1536-angular",
    "experiment": "milvus-cloud-sleep-60",
    "engine": "milvus",
    "parallel": 40,
    "config": {
      "level": 1
    }
  },
  "results": {
    "total_time": 5.410089466997306,
    "mean_time": 0.0032834415108431133,
    "mean_precisions": 0.94278,
    "std_time": 0.0008801495742564464,
    "min_time": 0.0021993599948473275,
    "max_time": 0.045215060003101826,
    "rps": 924.199133951677,
    "p95_time": 0.004176740452385275,
    "p99_time": 0.005017631145165069
  }
}