{
  "params": {
    "dataset": "dbpedia-openai-1M-1536-angular",
    "experiment": "redis-m-32-ef-256-1x",
    "engine": "redis",
    "parallel": 200,
    "config": {
      "EF": 128
    }
  },
  "results": {
    "total_time": 10.602797670000655,
    "mean_time": 0.40722945066019783,
    "mean_precisions": 0.9892400000000001,
    "std_time": 0.05866914859697408,
    "min_time": 0.0050457010001991875,
    "max_time": 0.8868257109998012,
    "rps": 471.5736502401532,
    "p95_time": 0.4415911254502589,
    "p99_time": 0.4621333880902057
  }
}