{
  "params": {
    "dataset": "dbpedia-openai-1M-1536-angular",
    "experiment": "redis-m-32-ef-256-1x",
    "engine": "redis",
    "parallel": 60,
    "config": {
      "EF": 128
    }
  },
  "results": {
    "total_time": 10.351287780000348,
    "mean_time": 0.12169561139460638,
    "mean_precisions": 0.9892400000000001,
    "std_time": 0.008699740965292645,
    "min_time": 0.004950341000039771,
    "max_time": 0.2049349879998772,
    "rps": 483.03168709698764,
    "p95_time": 0.1295113363998098,
    "p99_time": 0.1385462561802342
  }
}