{
  "params": {
    "dataset": "dbpedia-openai-1M-1536-angular",
    "experiment": "milvus-cloud-default",
    "engine": "milvus",
    "parallel": 180,
    "config": {
      "level": 1
    }
  },
  "results": {
    "total_time": 6.025945437999326,
    "mean_time": 0.0032837558915431147,
    "mean_precisions": 0.94278,
    "std_time": 0.0014268311300685117,
    "min_time": 0.002199237991590053,
    "max_time": 0.04754167899955064,
    "rps": 829.7453157259337,
    "p95_time": 0.004142939293524252,
    "p99_time": 0.0047833699270268025
  }
}