{
  "params": {
    "dataset": "dbpedia-openai-1M-1536-angular",
    "experiment": "milvus-cloud-2nd",
    "engine": "milvus",
    "parallel": 180,
    "config": {
      "level": 1
    }
  },
  "results": {
    "total_time": 6.06894213600026,
    "mean_time": 0.003276763592730276,
    "mean_precisions": 0.94278,
    "std_time": 0.001095710496156577,
    "min_time": 0.0022186980058904737,
    "max_time": 0.05085485200106632,
    "rps": 823.8668103853851,
    "p95_time": 0.0041259580983023635,
    "p99_time": 0.004846519988204819
  }
}