{
  "params": {
    "dataset": "dbpedia-openai-1M-1536-angular",
    "experiment": "milvus-cloud-query-1x",
    "engine": "milvus",
    "parallel": 1,
    "config": {
      "level": 1
    }
  },
  "results": {
    "total_time": 12.853280240000458,
    "mean_time": 0.002560906668068492,
    "mean_precisions": 0.94278,
    "std_time": 0.0008198920414738238,
    "min_time": 0.001991276993067004,
    "max_time": 0.05710252799326554,
    "rps": 389.0057562457552,
    "p95_time": 0.0031166983520961367,
    "p99_time": 0.0034169279252819263
  }
}