{
  "params": {
    "dataset": "dbpedia-openai-1M-1536-angular",
    "experiment": "milvus-cloud-query-10x",
    "engine": "milvus",
    "parallel": 150,
    "config": {
      "level": 1
    }
  },
  "results": {
    "total_time": 20.062789375995635,
    "mean_time": 0.05125375014462392,
    "mean_precisions": 0.9427800000000002,
    "std_time": 0.06501878565317844,
    "min_time": 0.00247121301072184,
    "max_time": 1.3916872559930198,
    "rps": 2492.1758915449263,
    "p95_time": 0.08086118045539478,
    "p99_time": 0.09456675152629039
  }
}