{
  "params": {
    "dataset": "dbpedia-openai-1M-1536-angular",
    "experiment": "milvus-cloud-query-1x-load",
    "engine": "milvus",
    "parallel": 10,
    "config": {
      "level": 1
    }
  },
  "results": {
    "total_time": 7.25058594600705,
    "mean_time": 0.0034451795110333476,
    "mean_precisions": 0.94278,
    "std_time": 0.007314767727468723,
    "min_time": 0.002075890006381087,
    "max_time": 0.2167917140031932,
    "rps": 689.5994388913542,
    "p95_time": 0.0040371357521507886,
    "p99_time": 0.004954400341957821
  }
}