{
  "params": {
    "dataset": "dbpedia-openai-1M-1536-angular",
    "experiment": "milvus-cloud-query-1x-load",
    "engine": "milvus",
    "parallel": 20,
    "config": {
      "level": 1
    }
  },
  "results": {
    "total_time": 5.5766636740008835,
    "mean_time": 0.004384754171708482,
    "mean_precisions": 0.94278,
    "std_time": 0.019128845193104885,
    "min_time": 0.002150820000679232,
    "max_time": 0.34631705599895213,
    "rps": 896.593427950593,
    "p95_time": 0.0040334704513952605,
    "p99_time": 0.005150560916081314
  }
}