{
  "params": {
    "dataset": "dbpedia-openai-1M-1536-angular",
    "experiment": "milvus-cloud-default",
    "engine": "milvus",
    "parallel": 120,
    "config": {
      "level": 1
    }
  },
  "results": {
    "total_time": 5.379636259007384,
    "mean_time": 0.0032193085227918347,
    "mean_precisions": 0.94278,
    "std_time": 0.0008887298236561496,
    "min_time": 0.0022083239891799167,
    "max_time": 0.03670542799227405,
    "rps": 929.4308684213099,
    "p95_time": 0.004105602348863613,
    "p99_time": 0.0047490763335372365
  }
}