{
  "params": {
    "dataset": "dbpedia-openai-1M-1536-angular",
    "experiment": "redis-m-32-ef-256-1x-load",
    "engine": "redis",
    "parallel": 8,
    "config": {
      "EF": 64
    }
  },
  "results": {
    "total_time": 5.9370699470018735,
    "mean_time": 0.009382892375593655,
    "mean_precisions": 0.97624,
    "std_time": 0.0008454446651671268,
    "min_time": 0.003074029998970218,
    "max_time": 0.0249197599987383,
    "rps": 842.1662612422009,
    "p95_time": 0.010533627547920333,
    "p99_time": 0.011006608630086704
  }
}