{
  "params": {
    "dataset": "dbpedia-openai-1M-1536-angular",
    "experiment": "redis-m-32-ef-256-1x",
    "engine": "redis",
    "parallel": 1,
    "config": {
      "EF": 64
    }
  },
  "results": {
    "total_time": 7.324649920000411,
    "mean_time": 0.0014580337846022303,
    "mean_precisions": 0.9762400000000001,
    "std_time": 0.00029592838067848563,
    "min_time": 0.0005084360000182642,
    "max_time": 0.009913869999763847,
    "rps": 682.6264810755241,
    "p95_time": 0.0018659927499811602,
    "p99_time": 0.0020248078400891246
  }
}