{
  "params": {
    "dataset": "dbpedia-openai-1M-1536-angular",
    "experiment": "redis-m-32-ef-256-1x",
    "engine": "redis",
    "parallel": 10,
    "config": {
      "EF": 128
    }
  },
  "results": {
    "total_time": 10.556951024998853,
    "mean_time": 0.020868939864407004,
    "mean_precisions": 0.98924,
    "std_time": 0.0016393761753013146,
    "min_time": 0.004353868000180228,
    "max_time": 0.027895440001884708,
    "rps": 473.6215966295575,
    "p95_time": 0.0235816418487957,
    "p99_time": 0.024714896141522336
  }
}