{
  "params": {
    "dataset": "dbpedia-openai-1M-1536-angular",
    "experiment": "redis-m-32-ef-256-1x",
    "engine": "redis",
    "parallel": 200,
    "config": {
      "EF": 64
    }
  },
  "results": {
    "total_time": 6.304585557000792,
    "mean_time": 0.23822567285140503,
    "mean_precisions": 0.97624,
    "std_time": 0.04768384077244,
    "min_time": 0.003440999999838823,
    "max_time": 0.702925280999807,
    "rps": 793.0735422327416,
    "p95_time": 0.2563010202996338,
    "p99_time": 0.2622899679100101
  }
}