{
  "params": {
    "dataset": "dbpedia-openai-1M-1536-angular",
    "experiment": "redis-m-32-ef-256-1x",
    "engine": "redis",
    "parallel": 4,
    "config": {
      "EF": 64
    }
  },
  "results": {
    "total_time": 6.122305674998643,
    "mean_time": 0.00479106890599578,
    "mean_precisions": 0.9762400000000001,
    "std_time": 0.0005433192955653729,
    "min_time": 0.00144443799945293,
    "max_time": 0.007856857999286149,
    "rps": 816.6857823545553,
    "p95_time": 0.005661457749738474,
    "p99_time": 0.0060537871191627375
  }
}