{
  "params": {
    "dataset": "dbpedia-openai-1M-1536-angular",
    "experiment": "redis-m-32-ef-256-1x",
    "engine": "redis",
    "parallel": 150,
    "config": {
      "EF": 128
    }
  },
  "results": {
    "total_time": 10.311590798999532,
    "mean_time": 0.3001804445334201,
    "mean_precisions": 0.9892400000000001,
    "std_time": 0.04106322269881089,
    "min_time": 0.007953009000630118,
    "max_time": 0.5072085530009645,
    "rps": 484.89123525781474,
    "p95_time": 0.3229422992510081,
    "p99_time": 0.33697469863247537
  }
}