{
  "params": {
    "dataset": "dbpedia-openai-1M-1536-angular",
    "experiment": "redis-m-32-ef-256-1x",
    "engine": "redis",
    "parallel": 1,
    "config": {
      "EF": 64
    }
  },
  "results": {
    "total_time": 7.089660937002918,
    "mean_time": 0.0014103959529726125,
    "mean_precisions": 0.9762400000000001,
    "std_time": 0.00025915077434590086,
    "min_time": 0.0004999589982617181,
    "max_time": 0.002823705999617232,
    "rps": 705.2523448482008,
    "p95_time": 0.0018044086516965762,
    "p99_time": 0.0019461368492193294
  }
}