{
  "params": {
    "dataset": "dbpedia-openai-1M-1536-angular",
    "experiment": "redis-m-32-ef-256-1x-load",
    "engine": "redis",
    "parallel": 7,
    "config": {
      "EF": 128
    }
  },
  "results": {
    "total_time": 10.208048462998704,
    "mean_time": 0.014158520865423635,
    "mean_precisions": 0.98924,
    "std_time": 0.0013757855326345064,
    "min_time": 0.003777249999984633,
    "max_time": 0.04645135600003414,
    "rps": 489.8095868298029,
    "p95_time": 0.016238770948802994,
    "p99_time": 0.017304853297791856
  }
}