{
  "params": {
    "dataset": "dbpedia-openai-1M-1536-angular",
    "experiment": "redis-m-32-ef-256-1x-load",
    "engine": "redis",
    "parallel": 60,
    "config": {
      "EF": 128
    }
  },
  "results": {
    "total_time": 10.496642700003576,
    "mean_time": 0.11788799258612562,
    "mean_precisions": 0.98882,
    "std_time": 0.015367767784685089,
    "min_time": 0.0033802490070229396,
    "max_time": 0.31068230100208893,
    "rps": 476.3427833928554,
    "p95_time": 0.12883049295414822,
    "p99_time": 0.13284441692769178
  }
}