{
  "params": {
    "dataset": "dbpedia-openai-1M-1536-angular",
    "experiment": "redis-m-32-ef-256-1x",
    "engine": "redis",
    "parallel": 7,
    "config": {
      "EF": 64
    }
  },
  "results": {
    "total_time": 6.2037774119999085,
    "mean_time": 0.008549738283405895,
    "mean_precisions": 0.9762400000000001,
    "std_time": 0.0011899274323994191,
    "min_time": 0.0014348510012496263,
    "max_time": 0.034379489999992074,
    "rps": 805.9605733643098,
    "p95_time": 0.009693755651096581,
    "p99_time": 0.010217162121189177
  }
}