{
  "params": {
    "dataset": "dbpedia-openai-1M-1536-angular",
    "experiment": "redis-m-32-ef-256-1x-load",
    "engine": "redis",
    "parallel": 10,
    "config": {
      "EF": 64
    }
  },
  "results": {
    "total_time": 6.059713816997828,
    "mean_time": 0.011784186098660575,
    "mean_precisions": 0.97516,
    "std_time": 0.0011056954172791354,
    "min_time": 0.0026908459985861555,
    "max_time": 0.02684193199092988,
    "rps": 825.1214745446769,
    "p95_time": 0.01327681094990112,
    "p99_time": 0.013717468996910613
  }
}